# ************************************************************
# Sequel Pro SQL dump
# Version 4541
#
# http://www.sequelpro.com/
# https://github.com/sequelpro/sequelpro
#
# Host: 127.0.0.1 (MySQL 5.7.26)
# Database: foodcloud
# Generation Time: 2020-11-02 15:23:59 +0000
# ************************************************************


/*!40101 SET @OLD_CHARACTER_SET_CLIENT=@@CHARACTER_SET_CLIENT */;
/*!40101 SET @OLD_CHARACTER_SET_RESULTS=@@CHARACTER_SET_RESULTS */;
/*!40101 SET @OLD_COLLATION_CONNECTION=@@COLLATION_CONNECTION */;
/*!40101 SET NAMES utf8 */;
/*!40014 SET @OLD_FOREIGN_KEY_CHECKS=@@FOREIGN_KEY_CHECKS, FOREIGN_KEY_CHECKS=0 */;
/*!40101 SET @OLD_SQL_MODE=@@SQL_MODE, SQL_MODE='NO_AUTO_VALUE_ON_ZERO' */;
/*!40111 SET @OLD_SQL_NOTES=@@SQL_NOTES, SQL_NOTES=0 */;


# Dump of table categories
# ------------------------------------------------------------

DROP TABLE IF EXISTS `categories`;

CREATE TABLE `categories` (
  `cat_id` int(11) unsigned NOT NULL AUTO_INCREMENT,
  `cat_name` varchar(50) DEFAULT NULL,
  PRIMARY KEY (`cat_id`)
) ENGINE=InnoDB DEFAULT CHARSET=utf8;

LOCK TABLES `categories` WRITE;
/*!40000 ALTER TABLE `categories` DISABLE KEYS */;

INSERT INTO `categories` (`cat_id`, `cat_name`)
VALUES
	(1,'kip'),
	(2,'pasta'),
	(3,'vegetarisch'),
	(4,'vlees'),
	(5,'vis');

/*!40000 ALTER TABLE `categories` ENABLE KEYS */;
UNLOCK TABLES;


# Dump of table favourites
# ------------------------------------------------------------

DROP TABLE IF EXISTS `favourites`;

CREATE TABLE `favourites` (
  `fav_id` int(11) unsigned NOT NULL AUTO_INCREMENT,
  `recipe_id` int(11) DEFAULT NULL,
  `user_id` int(11) unsigned DEFAULT NULL,
  PRIMARY KEY (`fav_id`)
) ENGINE=InnoDB DEFAULT CHARSET=utf8;

LOCK TABLES `favourites` WRITE;
/*!40000 ALTER TABLE `favourites` DISABLE KEYS */;

INSERT INTO `favourites` (`fav_id`, `recipe_id`, `user_id`)
VALUES
	(11,9,9),
	(13,1,7),
	(14,5,8),
	(15,2,7),
	(16,10,7),
	(17,22,7),
	(18,4,7),
	(19,5,7),
	(22,7,12),
	(23,2,12),
	(24,5,12),
	(25,22,12);

/*!40000 ALTER TABLE `favourites` ENABLE KEYS */;
UNLOCK TABLES;


# Dump of table recipes
# ------------------------------------------------------------

DROP TABLE IF EXISTS `recipes`;

CREATE TABLE `recipes` (
  `id` int(11) unsigned NOT NULL AUTO_INCREMENT,
  `title` varchar(255) DEFAULT NULL,
  `ingredients` text,
  `instructions` text,
  `imageUrl` varchar(255) DEFAULT NULL,
  `category` varchar(50) DEFAULT NULL,
  PRIMARY KEY (`id`)
) ENGINE=InnoDB DEFAULT CHARSET=utf8;

LOCK TABLES `recipes` WRITE;
/*!40000 ALTER TABLE `recipes` DISABLE KEYS */;

INSERT INTO `recipes` (`id`, `title`, `ingredients`, `instructions`, `imageUrl`, `category`)
VALUES
	(1,'Spaghetti alla carbonara','<p>1 klontje boter</p>\r\n<p>250g gerookt spek</p>\r\n<p>5 eieren</p>\n<p>250g Parmezaanse kaas</p>\n<p>500g spaghetti</p>','<p>Zet een ruime kookpot met water op het vuur en breng het aan de kook. Strooi een flinke snuif zout in het water.</p>\n\n<p>Zet een braadpan op het vuur en verhit hierin een klontje boter en een scheutje olijfolie.</p>\n\n<p>Snij het gerookte spek in blokjes en bak het in de hete pan. Laat het spek krokant bakken, maar roer de stukjes vlees wel regelmatig even om.</p>\n\n<p>Neem een mengschaal en breek er de eieren in. Klop ze los met een garde en rasp de Parmezaanse kaas erbij. Roer de kaas door het eiermengsel.</p>\n\n<p>Zodra het water kookt, gaar je er de spaghetti in. Kook de pasta al dente, net niet beetgaar.</p>\n\n<p>Giet het kookvocht af en doe de spaghetti in een ruime mengschaal.</p>\n\n<p>Schenk het mengsel van eieren en Parmezaanse kaas over de warme pasta en roer alles voorzichtig om. Hierdoor garen de eieren en smelt de kaas.</p>\n\n<p>Strooi ook de krokante spekjes erbij en kruid de pasta met voldoende peper van de molen.</p>\n\n<p>Roer een laatste keer en serveer de pasta alla carbonara met nog wat extra geraspte Parmezaanse kaas.</p>','https://images.vrt.be/dako2017_800s_j75/2017/03/06/3a9351d5-024d-11e7-8f5f-00163edf48dd.jpg','pasta'),
	(2,'Gelakte ribben met sweet chiliketchup','<p>1kg varkensrib</p>\r\n<p>2 eetlepels ketchup</p>\n<p>1 eetlepel moster</p>\n<p>1 eetlepel honing</p>\n<p>2 eetlepels sojasaus</p>\n<p>2 eetlepels Ketjap Manis</p>\n<p>50g gember</p>\n<p>1 ajuin</p>\n<p>3 teentjes look</p>\n<p>1 rode chilipeper</p>\n<p>1 dl water</p>\n<p>2 stengels citroengras</p>\n<p>3 tomaten</p>\n<p>1 scheutje vissaus</p>\n<p>140g tomatenpuree</p>\n<p>1 dl natuurazijn</p>\n<p>1 eetlepel maïzena </p>\n<p>1/4 daikon</p>\n<p>6 lente-uien</p>\n<p>1 scheut dragonazijn</p>','<p>Verwarm de oven voor op 150°C.</p>\n\n<p>Maak een insnijding in het vlees en verwijder het vlies.</p>\n\n<p>Doe de ketchup met de mosterd, de esdoornsiroop, de sojasaus en de ketjap manis in een mengkommetje. Meng alles goed onder elkaar. Dit wordt de marinade voor het vlees.</p>\n\n<p>Breng de marinade op smaak met het paprikapoeder, de vijfkruidenmengeling en het lookpoeder.</p>\n\n<p>Leg de ribbetjes op een ovenplaat met een stuk bakpapier of op een siliconenmatje. Bestrijk ze met de marinade en schuif de ovenplaat 60 minuten in de voorverwarmde oven. Smeer het vlees af en toe bij met wat extra marinade tijdens het bakken.</p>\n\n<p>Schil het stuk gember en pel de ajuin. Snijd beide ingrediënten in grove stukken en doe in de beker van de blender.</p>\n\n<p>Scheur er enkele limoenblaadjes bij. Pel de teentjes look en snijd de chilipeper grof (met zaadjes) en voeg ook toe aan de blender.</p>\n\n<p>Doe de suiker in een ruime pot en schenk er een scheut water bij.</p>\n\n<p>Breng de suiker aan de kook. Roer niet in de kokende suiker.</p>\n\n<p>Snijd het citroengras grof. Verwijder de kroontjes uit de tomaten en snijd ook deze grof. Doe de tomaten en het citroengras in de beker van de blender.</p>\n\n<p>Voeg er nog een scheutje vissaus aan toe en mix tot een pulp.</p>\n\n<p>Voeg er de tomatenpuree aan toe en mix een laatste keer door elkaar.</p>\n\n<p>Schep het gehakte mengsel bij de kokende karamel, zodra deze begint te verkleuren. Roer nu pas in de saus.</p>\n\n<p>Giet er de azijn bij en laat de ruwe chiliketchup minstens 20 minuten inkoken op een matig vuur.</p>\n\n<p>Lak de ribbetjes opnieuw met de marinade.</p>\n\n<p>Zeef de ingekookte chiliketchup.</p>\n\n<p>Breng de gezeefde saus opnieuw aan de kook in een hoge pan.</p>\n\n<p>Doe een scheutje koud water in een beker en schep de maïzena erbij. Roer tot het bindmiddel opgelost is. Schenk dit bij de sweet chiliketchup en roer met de garde tot de saus gebonden is. Schenk de saus in een mengkom en laat afkoelen. Laat daarna verder afkoelen in de koelkast.</p>\n\n<p>Lak de ribbetjes opnieuw met de marinade.</p>\n\n<p>Snijd de daikon tot fijne reepjes. Snijd de lente-uien in stukjes. Doe beide groenten in een kom.</p>\n\n<p>Breng op smaak met de dragonazijn, de sesamolie en de sesamzaadjes.</p>\n\n<p>Mix de ketchup opnieuw in de blender. (optioneel)</p>\n\n<p>Haal de ribben uit de oven wanneer ze gaar en zacht zijn. Snijd ze in stukken.</p>\n\n<p>Doe de salade in een kommetje en plaats op de lange serveerschaal. Leg het vlees er willekeurig bij. Giet de sweet chiliketchup in een kommetje en plaats op de schaal. Doe nog wat van de ketchup over de ribbetjes en smakelijk!</p>','https://images.vrt.be/dako2017_800s_j75/2020/05/29/c7eebf0b-a1bb-11ea-aae0-02b7b76bf47f.jpg','vlees'),
	(3,'Caesar sandwich','<p>1/2 Romeinse sla</p>\n<p>3 eieren</p>\n<p>2 eierdooiers</p>\n<p>1 koffielepel mosterd</p>\n<p>2 koffielepels kappertjes</p>\n<p>1/2 rode chilipeper</p>\n<p>1 teentje look</p>\n<p>2 koffielepels witte miso pasta</p>\n<p>3 dl arachideolie</p>\n<p>3 eetlepels yoghurt</p>\n<p>1/2 limoensap</p>\n<p>400g seitan fritti</p>\n<p>1 sjalot</p>\n<p>100g Parmezaanse kaas</p>','<p>Laat een grillpan warm worden op het vuur. Kuis en was de Romeinse sla en laat hem uitlekken. Scheur hem in stukken.</p>\n\n<p>Breng een kleine pot water aan de kook, kook de eieren in 8 minuten hard.</p>\n\n<p>Doe de eierdooiers met de mosterd, de kappertjes, de fijngesneden chilipeper, het fijngesneden teentje look, de miso pasta en een scheutje dragonazijn in een maatbeker en zet de mixer erin.</p>\n\n<p>Voeg er de arachideolie in een straaltje aan toe en maak intussen een op- en neerwaartse beweging met je mixer tot je een stevige mayonaise bekomt.</p>\n\n<p>Voeg er de yoghurt en het limoensap aan toe. Zet er de mixer kort in. Houd de dressing even apart.</p>\n\n<p>Zet een steelpannetje met een scheutje olijfolie op het vuur.</p>\n\n<p>Spoel de gekookte eieren onder koud water en laat even rusten.</p>\n\n<p>Neem een sneetje brood, wrijf beide kanten in met wat olijfolie en de andere helft van het teentje look. Gril de toast aan beide kanten in de grillpan.</p>\n\n<p>Verwarm de oven voor op 200°C.</p>\n\n<p>Bak de reepjes seitan krokant in de hete vetstof.</p>\n\n<p>Laat de toast verder krokant worden in de oven.</p>\n\n<p>Pel de eieren en plet ze met een vork in een mengkommetje.</p>\n\n<p>Snijd de sjalot in flinterdunne ringen en leg ze in een mengkommetje met wat dragonazijn.</p>\n\n<p>Haal de krokante toast uit de oven en leg op een bord. Leg er enkele blaadjes sla op gevolgd door enkele reepjes gebakken seitan, flink wat dressing, de geplette eieren en enkele sjalotringen.</p>\n\n<p>Haal met een dunschiller krullen van de parmezaan. Werk de toast af met de parmezaankrullen.<p>','https://images.vrt.be/dako2017_800s_j75/2020/05/25/c3bcd013-9e98-11ea-aae0-02b7b76bf47f.jpg','vegetarisch'),
	(4,'Vegetarische wok','<p>200g eiernoedels</p>\n<p>1/4 Chineese kool</p>\n<p>3 wortelen</p>\n<p>3 stengels shiitakes</p>\n<p>1 ajuin</p>\n<p>2 teentjes look</p>\n<p>40g gember</p>\n<p>1/2 chilipeper</p>\n<p>1 scheut sake</p>\n<p>1 scheut sojasaus</p>\n<p>1 scheut sesamolie</p>\n<p>1 limoen</p>\n<p>2 eetlepels zoetzuresaus</p>\n<p>200g sojasheuten</p>\n<p>200g sojabonen</p>\n<p>1 ei</p>','<p>Breng een ruime pot gezouten water aan de kook voor de noedels. (en kook de eiernoedels zoals vermeld staat op de verpakking.)</p>\n\n<p>Laat een flinke scheut arachideolie heet worden in een grote pan of een wok.</p>\n\n<p>Snipper de Chinese kool fijn. Schil de wortels en snijd in julienne.</p>\n\n<p>Verwijder de stammetjes van de shiitake en snij de champignons in reepjes.</p>\n\n<p>Schil en versnipper de ui. Pel en plet de teentjes look. Schil de knol gember en snijd de chilipeper in stukjes.</p>\n\n<p>Giet de sake met de sojasaus, de sesamolie, het limoensap en de zoete chilisaus in een kommetje.</p>\n\n<p>Zet een steelpannetje met arachideolie op het vuur en laat warm worden.</p>\n\n<p>Stoof de champignons, reepjes wortel en ui in de wok. Doe er de look, sojascheuten, chinese kool en sojabonen bij. Rasp de gember erbij en voeg er nog de chilipeper aan toe. Laat de groenten even bakken.</p>\n\n<p>Bak een spiegelei in het steelpannetje met olie en breng op smaak met peper en zout.</p>\n\n<p>Giet de noedels af wanneer ze gaar zijn en meng ze onder de groenten.</p>\n\n<p>Breng de wok op smaak met de marinade en schud de wok goed op. Laat de marinade even intrekken.</p>\n\n<p>Schep de noedels met groenten in een kommetje. Leg er het spiegelei op. Werk het geheel af met wat pluksels koriander en een beetje sriracha (optioneel).</p>','https://images.vrt.be/dako2017_800s_j75/2020/03/10/8f4320ba-62c2-11ea-aae0-02b7b76bf47f.jpg','vegetarisch'),
	(5,'Pasta met gerookte zalm, geitenkaas en spinazie','<p>250g spinazie</p>\n<p>olijfolie</p>\n<p>1 teen knoflook</p>\n<p>250g zachte geitenkaas</p>\n<p>150g ricotta</p>\n<p>400g spaghetti</p>\n<p>1 ajuin</p>\n<p>handvol pijnboompitten</p>\n<p>250g gerookte zalm</p>','<p>Breng water aan de kook met een beetje zout.</p>\n\n<p>Maak de spinazie schoon.</p>\n\n<p>Verwarm een scheutje olijfolie in een pan. Stoof er de helft van de spinazie in.</p>\n\n<p>Kneus en pel de knoflook. Snipper de teen fijn en plet met een mes. Doe de pulp bij de spinazie en kruid met peper en zout.</p>\n\n<p>Doe de gestoofde spinazie in een maatbeker met een pollepel water. Voeg er de ricotta en de geitenkaas aan toe en mix met een staafmixer tot een glad mengsel. Kruid met een snufje zout en flink wat peper.</p>\n\n<p>Kook de spaghetti gaar in het gezouten water.</p>\n\n<p>Verwarm een scheut olijfolie in de pan.</p>\n\n<p>Pel de ui en snijd hem in dunne slierten. Stoof de ui in de olie.</p>\n\n<p>Doe er de pijnboompitten bij en laat even mee roosteren.</p>\n\n<p>Giet de pasta af en doe hem bij de uien en pijnboompitten. Roer er een pollepel kookvocht van de pasta, de saus en de rest van de spinazie door. De warme saus laat de blaadjes garen. Breng op smaak met peper en zout.</p>\n\n<p>Scheur de gerookte zalm in stukken.</p>\n\n<p>Werk de pasta af met de gerookte zalm en eventueel wat verbrokkelde geitenkaas.</p>','https://images.vrt.be/dako2017_800s_j75/2018/05/23/b039dfbf-5ebe-11e8-abcc-02b7b76bf47f.jpg','vis'),
	(6,'Chipolata met geplette aardappel, witte boontjes en kerstomaat','<p>600g aardappelen</p>\n<p>200g witte bonen</p>\n<p>2 sjalotten</p>\n<p>4 chipolata\'s</p>\n<p>1 bakje kerstomaten</p>\n<p>2 eetlepels zure room</p>\n<p>1 bussel bieslook</p>\n<p>scheutje azijn</p>','<p>Kook de aardappelen ongeschild in een pot met gezouten water.</p>\n\n<p>Laat de witte boontjes weken in water en kook ze daarna 30 minuten in gezouten water.</p>\n\n<p>Schil en snipper de sjalotjes fijn.</p>\n\n<p>Verhit een scheut lookolie in een grote pan en stoof de sjalot.</p>\n\n<p>Zet een tweede pan op het vuur en smelt er een klontje boter in. Bak er de chipolata’s in.</p>\n\n<p>Giet de aardappelen af en laat ze kort afkoelen onder koud water. Pel de aardappelen en snijd ze in stukjes.</p>\n\n<p>Bak de aardappelen in de pan met de sjalotjes. Plet ze daarna met een vork.</p>\n\n<p>Halveer de kerstomaten en meng ze samen met de zure room onder de geplette aardappelen.</p>\n\n<p>Snipper de bieslook fijn en meng onder de aardappelen. Breng op smaak met peper, zout en een lekje azijn.</p>\n\n<p>Smeer een dun laagje mosterd op de gebakken chipolata’s. Serveer ze met de aardappelen en een toefje waterkers.</p>','https://images.vrt.be/dako2017_800s_j75/2019/09/02/04f5f918-cd74-11e9-abcc-02b7b76bf47f.jpg','vlees'),
	(7,'Wrap met krokante kip en Thaise salade','<p>1 Romeinse sla</p>\n<p>100g sojascheuten</p>\n<p>1 rode paprika</p>\n<p>1 mango</p>\n<p>2 wortelen</p>\n<p>enkele takjes koriander</p>\n<p>2 stengels lente-ui</p>\n<p>1 grote rode chilipeper</p>\n<p>enkele takjes munt</p>\n<p>1 limoen(sap)</p>\n<p>2 eetlepels sesamolie</p>\n<p>scheutje olijfolie</p>\n<p>800g kipfilets</p>\n<p>snuifje kippenkruiden</p>\n<p>80g panko</p>\n<p>80g paneermeel</p>\n<p>2 eieren</p>\n<p>8 tortillavellen</p>','<p>Begin met de Thaise salade. Was de sla en de sojascheuten en laat ze uitlekken in een vergiet.</p>\n\n<p>Schil de paprika, de wortelen en de mango en snijd ze in fijne reepjes (julienne). Meng alles onder elkaar.</p>\n\n<p>Pluk de blaadjes van de munt- en de koriandertakjes en meng ze onder de salade. Snijd de lente-ui en chilipeper fijn en voeg toe aan de salade. Breng op smaak met wat limoensap, sesamolie en olijfolie. Zet de afgewerkte salade even apart.</p>\n\n<p>Snijd de kipfilets overlangs in plakken en leg de plakken tussen wat boterpapier. Klop de plakken kip plat tussen het papier en breng ze op smaak met peper en zout.</p>\n\n<p>Meng de panko met het paneermeel onder elkaar en breng het op smaak met de kippenkruiden. Doe er de fijngesneden koriander bij.</p>\n\n<p>Kluts de eieren in een schaal en haal de kip eerst door het geklutste ei en geef ze vervolgens een jasje van panko.</p>\n\n<p>Laat een flinke scheut olie heet worden in een grote pan en bak de kip krokant in de hete olie. Laat ze daarna uitlekken op een vel keukenpapier.</p>\n\n<p>Snijd de gebakken kippenschnitzels in reepjes.</p>\n\n<p>Bedek een tortilla met een laagje salade, gevolgd door enkele reepjes kip. Werk het geheel af met een laagje sweet chilisaus. Rol de tortilla op en wrijf hem in met een beetje olijfolie. Grill de wrap kort op de hete barbecue en serveer meteen.</p>\n\n<p>Bedek een tortilla met een laagje salade, gevolgd door enkele reepjes kip. Werk het geheel af met een laagje sweet chilisaus. Rol de tortilla op en wrijf hem in met een beetje olijfolie. Grill de wrap kort op de hete barbecue en serveer meteen.</p>','https://images.vrt.be/dako2017_800s_j75/2019/07/01/36546ce2-9c06-11e9-abcc-02b7b76bf47f.jpg','kip'),
	(8,'Wrap van omelet met heilbot, avocado en appel','<p>6 eieren</p>\n<p>melk</p>\n<p>boter</p>\n<p>peper</p>\n<p>zout</p>\n<p>4 sneetjes gerookte heilbot</p>\n<p>2 rijpe avocado\'s</p>\n<p>1 appel</p>\n<p>1 limoen</p>\n<p>scheutje citroensap</p>\n<p>1 eetlepel zure room</p>\n<p>1 bussel rucola</p>\n<p>snuifje cayennepeper</p>','<p>Snij de avocado’s in twee, tot tegen de pit aan. Verwijder de dikke pit, snij elke avocado in 2 partjes en haal er de schil af.</p>\n\n<p>Doe de stukken vruchtvlees van de avocado in een mengschaal en plet ze tot puree met een vork.</p>\n\n<p>Schep wat zure room bij de avocadopuree en rasp er een beetje van de groene zeste van limoen in. Knijp er vervolgens het verse limoensap bij.</p>\n\n<p>Kruid het mengsel met een snuif zout en een beetje cayennepeper of chilipoeder. Proef tot de smaken goed zitten, en zet de bereiding even opzij.</p>\n\n<p>Spoel de appel, en snij de ongeschilde vrucht in dunne plakjes. Snij de appelschijfjes vervolgens in fijne lucifers. (julienne) Druppel een beetje citroensap over de stukjes appel, zodat ze niet verkleuren.</p>\n\n<p>Neem een tweede mengschaal. Breek de eieren en kluts ze los, samen met een scheutje melk. Kuid het eiermengsel met een beetje peper en zout.</p>\n\n<p>Verhit een pan met antiaanbaklaag op een zacht vuur. Smelt er een klontje boter in.</p>\n\n<p>Serveer elke tafelgast z’n persoonlijke omelet. Giet een deel van de geklutste eieren in de warme pan. Hou de omelet voldoende dun, zodat je ze straks kan oprollen. Denk ook aan een zacht vuur, zodat de geklutste eitjes rustig kunnen garen. Geef ze wat tijd, en draai de gestolde omelet even om. Laat ze kort nadien meteen uit de pan schuiven.</p>\n\n<p>Drapeer een sneetje (of meer) gerookte heilbot op de omelet, strijk er wat van de geplette avocado over en leg er stukjes appel boven.</p>\n\n<p>Werk de omelet af met een beetje rucola en blaadjes koriander, peterselie en dragon. (naar beschikbaarheid)</p>\n\n<p>Rol elke omelet voorzichtig op, tot ze op een ‘wrap’ lijkt. Serveer de rol meteen, of eet deze eierwrap koud.</p>','https://images.vrt.be/dako2017_800s_j75/2018/04/01/4d4e2ed6-3582-11e8-abcc-02b7b76bf47f.jpg','vis'),
	(9,'Ramen met zalm, shiitake, ei en noedels','<p>20g kombu</p>\n<p>40g gedroogde champignons</p>\n<p>1 koffielepel witte miso pasta</p>\n<p>1 eetlepel geroosterde sesamolie</p>\n<p>8 stengels bimbi</p>\n<p>200g shiitakes</p>\n<p>4 eiren</p>\n<p>2 duimen gember</p>\n<p>3 teentjes look</p>\n<p>400g zalm zonder vel</p>\n<p>400g rijstnoedels</p>\n<p>1 rode chilipeper</p>','<p>Breng een grote kookpot met water aan de kook op een zacht vuur.</p>\n\n<p>Leg er de kombu en de gedroogde champignons in. Dit wordt de bouillon.</p>\n\n<p>Breng een tweede kookpot met water aan de kook.</p>\n\n<p>Neem een diepe soepkom en doe er de witte miso pasta en de sesamolie in.</p>\n\n<p>Maak de bimi (broccolini) schoon.</p>\n\n<p>Maak de shiitakes schoon, verwijder de taaie steeltjes en snijd ze in twee. Zet even in een kommetje aan de kant.</p>\n\n<p>Kook de bimi (4-5 min.) of de broccoliroosjes net beetgaar in de tweede kookpot. Leg er ook de eieren bij en kook deze gedurende 8 minuten.</p>\n\n<p>Schil de duimen gember. Rasp wat van één duim gember bij de miso en sesamolie in de soepkom.</p>\n\n<p>Snijd de rest van de gember in grote stukken en laat meekoken in de bouillon.</p>\n\n<p>Pel de teentjes look. Rasp de helft van één teentje look bij de miso en sesamolie in de soepkom. Snijd de rest van look grof en voeg toe aan de bouillon.</p>\n\n<p>Haal de bimi uit het kokende water en spoel met koud water. Laat de shiitakes kort meekoken met de eieren.</p>\n\n<p>Snijd de zalm in reepjes.</p>\n\n<p>Schep de shiitake er opnieuw uit en kook de noedels gaar in hetzelfde water, met de eieren.</p>\n\n<p>Haal de eieren uit het kokende water en schrik ze in een kom met koud water. Pel de eieren.</p>\n\n<p>Leg de bimi kort voor de noedels gaar zijn in het kokende water om opnieuw op te warmen. Giet de bimi en de gare noedels af.</p>\n\n<p>Zeef de bouillon. Giet enkele soeplepels van de hete bouillon in de soepkom met de miso, sesamolie, geraspte gember en look. Roer alles goed onder elkaar.</p>\n\n<p>Voeg een portie noedels toe aan de soepkom met de hete bouillon, gevolgd door enkele stukjes shiitake, de bimi, de sojascheuten en 2 reepjes rauwe zalm. Dompel de garnituur wat onder de hete bouillon en kruid met peper.</p>\n\n<p>Werk het geheel af een doormidden gesneden eitje en wat fijngesnipperde rode chilipeper.</p>','https://images.vrt.be/dako2017_800s_j75/2020/05/13/8e798c3d-951a-11ea-aae0-02b7b76bf47f.jpg','pasta'),
	(10,'Gratin van krab met Frans brood','<p>spinazie</p>\n<p>1 teentje knoflook</p>\n<p>50 boter</p>\n<p>peper</p>\n<p>zout</p>\n<p>60g bloem</p>\n<p>5 dl melk</p>\n<p>80g gemalen kaas</p>\n<p>tomatenpuree</p>\n<p>harissa</p>\n<p>1 citroen</p>\n<p>500g krabvlees</p>\n<p>1 stokbrood</p>','<p>Was de spinazie en laat uitlekken in een vergiet.</p>\n\n<p>Kneus en pel de knoflook. Snipper de teen fijn en plet met een mes.</p>\n\n<p>Smelt een klontje boter in een pan. Doe er de knoflookpulp bij.</p>\n\n<p>Stoof ook de spinazie in de boter. Roer goed om en kruid met peper en zout.</p>\n\n<p>Doe de spinazie weer in het vergiet en laat uitlekken.</p>\n\n<p>Smelt de boter en roer er de bloem door met een garde. Laat het mengsel al roerend ‘opdrogen’, tot je een heerlijke biscuitgeur ruikt.</p>\n\n<p>Giet de melk bij de roux en blijf roeren tot de saus indikt.</p>\n\n<p>Meng de gemalen kaas door de saus. Breng op smaak met een toefje tomatenpuree en harissa. Kruid met peper en zout.</p>\n\n<p>Knijp er het sap van de citroen bij.</p>\n\n<p>Verwarm de oven voor tot 180 °C.</p>\n\n<p>Doe het krabvlees bij de kaassaus. Roer goed los.</p>\n\n<p>Schep de spinazie in de ovenschaaltjes.</p>\n\n<p>Lepel de kaassaus met krabvlees over de spinazie. Strooi er nog wat gemalen kaas bovenop.</p>\n\n<p>Plaats de ovenschaaltjes op een bakplaat in de voorverwarmde oven, tot het laagje kaas smelt en korst.</p>\n\n<p>Serveer de gratin van krab en spinazie met een stukje stokbrood.</p>','https://images.vrt.be/dako2017_800s_j75/2018/12/17/353bae6a-0200-11e9-abcc-02b7b76bf47f.jpg','vis'),
	(20,'Vegetarisch stoofpotje','<p>200g witte bonen</p>\r\n<p>2 teentjes look</p>\r\n<p>1 ui</p>\r\n<p>1 rode paprika</p>\r\n<p>1 courgette</p>\r\n<p>150g olijven</p>\r\n<p>1/2 groene bussel asperges</p>\r\n<p>5 tomaten</p>\r\n<p>1 venkel</p>\r\n<p>5 dl groentenbouilllon</p>\r\n<p>200g feta</p>','<p>Week op voorhand de witte bonen zoals aangegeven op de verpakking. (Doorgaans laat je ze best 6 tot 12 uur wellen in koud water.)</p>\r\n<p>Maak alle groenten schoon in koud water.</p>\r\n<p>Zet een potje met water op een matig vuur. Doe er een flinke snuif zout bij en kook de boontjes beetgaar. (Later zullen de boontjes nog verder garen in het stoofpotje.)</p>\r\n<p>Ontvel de tomaten, snij ze in kwartjes en verwijder de zaadlijsten. (Tomaten ontvellen gaat makkelijk als je ze emondeert.) Snij het vruchtvlees in kleine dobbelsteentjes.</p>\r\n<p>Schil de ui en snipper ze in niet al te kleine stukjes.</p>\r\n<p>Pel de look en plet de teentjes tot pulp.</p>\r\n<p>Verhit een scheutje olijfolie in een hoge pan of een stoofpot. Stoof daarin de ui en de look op een matig vuur.</p>\r\n<p>Schil de paprika met de dunschiller en verwijder de zaadlijsten. Snij het vruchtvlees in blokjes en laat die meestoven met de ui.</p>\r\n<p>Snij de taaie bodem en het groene loof van de venkel en halveer de groente. Snij de venkel vervolgens in blokjes en laat ze meestoven.</p>\r\n<p>Halveer de courgette, snij ze vervolgens in repen en dan in kubusjes. Ook deze groente mag mee de pan in.</p>\r\n<p>Vaak worden groene asperges niet geschild, maar Jeroen kiest ervoor om dat toch te doen. Schil ze met je dunschiller en snij het taaiere onderste stukje eraf. Snij ook de aspergekopjes eraf en hou ze even apart. De rest van de asperges versnij je in rondjes van zo&rsquo;n centimeter dik. Laat de stukjes asperge ook meestoven.</p>\r\n<p>Voeg de tomatenblokjes toe aan de groentemengeling en schenk er de groentebouillon bij.</p>\r\n<p>Laat het stoofpotje enkele minuutjes pruttelen op een zacht vuur en voeg er dan ook de witte bonen bij.</p>\r\n<p>Hak de zwarte olijven grof. (Ontpit ze vooraf, als dat nodig is.)</p>\r\n<p>Voeg de gehakte olijven en de kopjes van de asperges bij de stoofpot.</p>\r\n<p>Laat het stoofpotje nog even sudderen tot de aspergekopjes beetgaar zijn. Laat de groenten zeker niet \"plat\" koken.</p>\r\n<p>Snij de fetakaas in blokjes.</p>\r\n<p>Pluk de verse kruiden en snij ze grof. Jeroen gebruikt enkele takjes tijm, marjolein en basilicum. Verwijder vooraf wel alle harde takjes en gebruik enkel de zachte blaadjes van de kruiden.</p>\r\n<p>Wie van een beetje pit houdt, voegt een beetje sambal toe aan het stoofpotje. Roer alles goed om met een houten lepel.</p>\r\n<p>Kruid het stoofpotje naar smaak met peper van de molen en wat zout. (Let op met de peper als je vooraf al sambal hebt gebruikt!)</p>\r\n<p>Serveer het stoofpotje van groenten in een diep bord. Strooi er blokjes feta over en een royale portie verse kruiden.</p>\r\n<p>Tip: Je kan dit gerecht ook afwerken met schilfers Parmezaanse kaas i.p.v. feta.</p>','https://images.vrt.be/dako2017_800s_j75/2017/03/06/4cc81e08-024d-11e7-8f5f-00163edf48dd.jpg','vegetarisch'),
	(21,'Kotelet met bloemkool in witte saus en gekookte aardappelen','<p>4 varkenskoteletten</p>\r\n<p>800g aardappelen</p>\r\n<p>70g boter</p>\r\n<p>40g bloem</p>\r\n<p>7 dl melk</p>\r\n<p>1 bloemkool</p>\r\n<p>40g gemalen kaas</p>\r\n<p>3 eetlepels pickles</p>\r\n<p>60g panko</p>\r\n<p>peper</p>\r\n<p>zout</p>\r\n<p>nootmuskaat</p>\r\n<p>1/4 citroen</p>\r\n<p>1 bussel waterkers</p>','<p>Haal het vlees uit de koelkast en laat op kamertemperatuur komen.</p>\r\n<p>Verwarm de oven voor op de grillstand. Zet een grote kookpot met water op het vuur en breng aan het koken.</p>\r\n<p>Schil de aardappelen en snijd ze doormidden. Doe in een andere kookpot met water en zet ook deze op het vuur. Kook de aardappelen gaar.</p>\r\n<p>Start met het maken van een roux door de boter te laten smelten en er de bloem aan toe te voegen.</p>\r\n<p>Schenk de melk bij de geurige roux. Roer geduldig door met een garde tot de saus pruttelt en bind tot een gladde bechamelsaus. Haal de saus van het vuur.</p>\r\n<p>Versnijd de bloemkool in roosjes en leg in de kookpot met het kokende water. Kook ze gaar.</p>\r\n<p>Zet een pan op het vuur. Kruid de koteletten aan beide kanten met peper en zout. Verhit een klont boter in de pan en laat het vlees enkele minuten aan beide kanten bakken. Denk eraan: koteletten zijn het lekkerst ros&eacute; gebakken!&nbsp;</p>\r\n<p>Snijd de boter in kleine blokjes en doe in een keukenrobot. Voeg hier de panko aan toe. Doe er de gemalen kaas en pickles bij. Maal het geheel fijn.</p>\r\n<p>Giet de bloemkoolroosjes af wanneer ze gaar zijn.&nbsp;</p>\r\n<p>Kruid het picklesbeslag met peper en zout. Smeer de koteletten in met een laagje van het beslag en zet de pan kort in de oven.</p>\r\n<p>Zet de witte saus opnieuw op een zacht vuur. Kruid met peper, zout en nootmuskaat. Voeg hier eventueel nog wat geraspte kaas en een scheutje melk aan toe. Werk het geheel af met citroensap. Meng de bloemkoolroosjes onder de witte saus en haal van het vuur.</p>\r\n<p>Haal het vlees opnieuw uit de oven als het korstje een mooie goudbruine kleur heeft gekregen.</p>\r\n<p>Schep wat bloemkool op een bord en voeg er wat aardappelen aan toe. Breng kleur in het bord door er enkele takjes waterkers bij te leggen. Werk af met de gegrilde koteletten.</p>','https://images.vrt.be/dako2017_800s_j75/2020/03/04/d3344bb9-5e17-11ea-aae0-02b7b76bf47f.jpg','vlees'),
	(22,'Macaroni met kaas en ham','<p>450g macaroni</p>\r\n<p>300g gerookte ham</p>\r\n<p>300g gemalen kaas</p>\r\n<p>5 eieren</p>\r\n<p>30g boter</p>\r\n<p>40g bloem</p>\r\n<p>6 dl melk</p>\r\n<p>1 dl room</p>\r\n<p>1 citroen</p>','<p>Breng water aan de kook in een pannetje of een kleine pot. Dompel de eieren onder in het kokende water en kook ze hard in zo&rsquo;n 8 &agrave; 9 minuten. Koel de eitjes in koud water en hou ze even opzij.</p>\r\n<p>Breng ook een ruime pot met water aan de kook om de macaroni te garen. Voeg een flinke scheut zout toe.</p>\r\n<p>De basis van de saus is een roux. Smelt de boter in een kookpot en voeg er vervolgens de bloem aan toe. Laat het bloemmengsel al roerend &ldquo;opdrogen&rdquo;, maar let erop dat de roux niet aanbakt.</p>\r\n<p>Zodra je de zachte geur van biscuit ruikt, schenk je de melk in de pot. Zet het vuur wat zachter en blijf geduldig doorroeren met een garde tot de saus bindt. Schenk tussendoor ook de room bij de saus. Na voldoende lang roeren, krijg je een gladde romige bechamelsaus.</p>\r\n<p>Haal de pot van het vuur en meng de helft van de gemalen kaas door de saus. (Hou de andere helft van de kaas opzij voor het gratineren van de schotel.)</p>\r\n<p>Proef en kruid de kaassaus met vers geraspte nootmuskaat, peper van de molen en wat zout.</p>\r\n<p>Werk de saus af met een klein scheutje vers citroensap. Dat geeft de saus een lichtere en frisse toets.</p>\r\n<p>Kook de macaroni al dente. Hou er rekening mee dat de pasta later nog even de oven in gaat, waardoor de macaroni nog een beetje verder zal garen.</p>\r\n<p>Pel intussen de hardgekookte eieren en doe ze in een schaal. Plet de eieren met een pureestamper (of een vork). Het hoeft geen eierpuree te worden: er mogen gerust nog enkele stukjes in achterblijven.</p>\r\n<p>Verwijder de zwoerden van de gekookte ham en snij de plakjes (of het blokje) ham in reepjes of kubusjes.</p>\r\n<p>Giet de pasta af en meng de kaassaus eronder. Voeg ook de geplette eieren toe en de reepjes of blokjes ham. Roer alles goed om en stort het mengsel in een ovenschaal.</p>\r\n<p>Strooi de rest van de gemalen kaas gelijkmatig over de schotel en plaats het gerecht onder de hete grill van je oven.</p>\r\n<p>Zodra de kaas een goudbruin korstje is geworden, kan je aan tafel.</p>','https://images.vrt.be/dako2017_800s_j75/2017/03/06/4d307cc9-024d-11e7-8f5f-00163edf48dd.jpg','pasta');

/*!40000 ALTER TABLE `recipes` ENABLE KEYS */;
UNLOCK TABLES;


# Dump of table users
# ------------------------------------------------------------

DROP TABLE IF EXISTS `users`;

CREATE TABLE `users` (
  `user_id` int(11) unsigned NOT NULL AUTO_INCREMENT,
  `name` varchar(255) DEFAULT NULL,
  `email` varchar(255) DEFAULT NULL,
  `password` varchar(255) DEFAULT NULL,
  PRIMARY KEY (`user_id`)
) ENGINE=InnoDB DEFAULT CHARSET=utf8;

LOCK TABLES `users` WRITE;
/*!40000 ALTER TABLE `users` DISABLE KEYS */;

INSERT INTO `users` (`user_id`, `name`, `email`, `password`)
VALUES
	(7,'Jesse','jessvand10@student.arteveldehs.be','$2y$10$WXAuAZE4kp3fYDEOzzD7d.G6scSuKMm1eoUe/kRWn8IAm9KX6baky'),
	(8,'VJTony','miauwkes@willysenmarjetten.be','$2y$10$KqOtZgVm6BhC7JsaTkKKR.F.zpsaCptBPijhLbSi92Ek/pU53X2JC'),
	(9,'Marcel','dink@dink.dink','$2y$10$FDkZBb0a5mhTYCW0P9z04ufAK.V4NIE4PEVJ0C9ZHlRanym5xxrRy'),
	(10,'Saskia','saskia@willysenmarjetten.be','$2y$10$rOkwJI.IuYNmpMcqw/FXWe/bEqHAIUHHzgeUAB8.O/wovExKLzZqC'),
	(12,'JesseVander','jesse.vandermeersch@hotmail.com','$2y$10$MBQl45t7v6JgHPrKqVC6E.AQ0SyT7ehNnTBFlLlpAIq5HfSgQ1p.2');

/*!40000 ALTER TABLE `users` ENABLE KEYS */;
UNLOCK TABLES;



/*!40111 SET SQL_NOTES=@OLD_SQL_NOTES */;
/*!40101 SET SQL_MODE=@OLD_SQL_MODE */;
/*!40014 SET FOREIGN_KEY_CHECKS=@OLD_FOREIGN_KEY_CHECKS */;
/*!40101 SET CHARACTER_SET_CLIENT=@OLD_CHARACTER_SET_CLIENT */;
/*!40101 SET CHARACTER_SET_RESULTS=@OLD_CHARACTER_SET_RESULTS */;
/*!40101 SET COLLATION_CONNECTION=@OLD_COLLATION_CONNECTION */;
